Problem_Index,Grid_Size,Total_Interp_Time
1,250x100,4.258066
2,500x200,4.328063
3,1000x400,7.404663