Problem_Index,Grid_Size,Total_Interp_Time
1,250x100,16.930000
2,500x200,17.780000
3,1000x400,18.050000